Feature,count,mean,std,min,25%,50%,75%,max,%missing,card
IncomeofPolicyHolder,500.0,13739.994,20081.535488929883,0.0,0.0,0.0,33918.5,71284.0,0.0,171
NumClaimants,500.0,1.908,1.0127127797893622,1.0,1.0,2.0,3.0,4.0,0.0,4
ClaimAmount,500.0,16373.204,29426.27696032707,-99999.0,3322.25,5663.0,12245.5,270200.0,0.0,493
TotalClaimed,500.0,9597.186,35655.68621988681,0.0,0.0,0.0,11282.75,729792.0,0.0,235
NumClaims,500.0,0.798,2.6667243647732617,0.0,0.0,0.0,1.0,56.0,0.0,7
NumSoftTissue,490.0,0.23469387755102042,0.5896347420236479,0.0,0.0,0.0,0.0,5.0,2.0,5
%SoftTissue,500.0,0.17201190476,0.4280152103805917,0.0,0.0,0.0,0.0,2.0,0.0,9
ClaimAmountReceived,500.0,13051.942,30547.1948641897,0.0,0.0,3253.5,8191.75,295303.0,0.0,329
